{
    "credit": "Made with Blockbench",
    "textures": {
        "side": "block/pumpkin_side",
        "end": "block/pumpkin_top",
        "stem": "block/3d/pumpkin_big_stem",
        "front": "block/jack_o_lantern",
        "particle": "block/pumpkin_side"
    },
    "elements": [
        {
            "from": [0, 0, 0],
            "to": [16, 16, 16],
            "faces": {
                "north": {"uv": [0, 0, 16, 16], "texture": "#front"},
                "east": {"uv": [0, 0, 16, 16], "texture": "#side"},
                "south": {"uv": [0, 0, 16, 16], "texture": "#side"},
                "west": {"uv": [0, 0, 16, 16], "texture": "#side"},
                "up": {"uv": [0, 0, 16, 16], "texture": "#end"},
                "down": {"uv": [0, 0, 16, 16], "texture": "#end"}
            }
        },
        {
            "from": [7, 15.5, 6.5],
            "to": [10, 20.5, 9.5],
            "rotation": {"angle": -22.5, "axis": "z", "origin": [8, 17.5, 8]},
            "faces": {
                "north": {"uv": [0, 3, 3, 8], "texture": "#stem"},
                "east": {"uv": [0, 3, 3, 8], "texture": "#stem"},
                "south": {"uv": [0, 3, 3, 8], "texture": "#stem"},
                "west": {"uv": [0, 3, 3, 8], "texture": "#stem"},
                "up": {"uv": [0, 0, 3, 3], "texture": "#stem"},
                "down": {"uv": [0, 0, 3, 3], "texture": "#stem"}
            }
        }
    ],
    "display": {
        "thirdperson_righthand": {
            "rotation": [75, 45, 0],
            "translation": [0, 2.5, 0],
            "scale": [0.375, 0.375, 0.375]
        },
        "thirdperson_lefthand": {
            "rotation": [75, 45, 0],
            "translation": [0, 2.5, 0],
            "scale": [0.375, 0.375, 0.375]
        },
        "firstperson_righthand": {
            "rotation": [0, 127, 0],
            "scale": [0.4, 0.4, 0.4]
        },
        "firstperson_lefthand": {
            "rotation": [0, 127, 0],
            "scale": [0.4, 0.4, 0.4]
        },
        "ground": {
            "translation": [0, 3, 0],
            "scale": [0.25, 0.25, 0.25]
        },
        "gui": {
            "rotation": [30, 225, 0],
            "scale": [0.625, 0.625, 0.625]
        },
        "fixed": {
            "scale": [0.5, 0.5, 0.5]
        }
    }
}