{
	"credit": "Made with Blockbench by Sapix for Sapixcraft",
	"parent": "block/block",
	"ambientocclusion": false,
	"texture_size": [32, 32],
	"textures": {
		"particle": "block/torches",
		"torch": "block/torches",
		"stone": "block/stone"
	},
	"elements": [
		{
			"name": "attach",
			"from": [0, 7.5, 6.5],
			"to": [4, 9, 7],
			"faces": {
				"north": {"uv": [0, 7, 2, 7.75], "texture": "#stone"},
				"east": {"uv": [0, 7, 0.25, 7.75], "texture": "#stone"},
				"south": {"uv": [0, 7, 2, 7.75], "texture": "#stone"},
				"up": {"uv": [0, 7, 2, 7.25], "texture": "#stone"},
				"down": {"uv": [1.5, 8, 3.5, 8.25], "texture": "#stone"}
			}
		},
		{
			"name": "attach",
			"from": [0, 7.5, 9],
			"to": [4, 9, 9.5],
			"faces": {
				"north": {"uv": [0, 7, 2, 7.75], "texture": "#stone"},
				"east": {"uv": [0, 7, 0.25, 7.75], "texture": "#stone"},
				"south": {"uv": [0, 7, 2, 7.75], "texture": "#stone"},
				"up": {"uv": [0, 7, 2, 7.25], "texture": "#stone"},
				"down": {"uv": [1.5, 8, 3.5, 8.25], "texture": "#stone"}
			}
		},
		{
			"name": "attach",
			"from": [3.5, 7.5, 7],
			"to": [4, 9, 9],
			"faces": {
				"east": {"uv": [0, 7, 1, 7.75], "texture": "#stone"},
				"west": {"uv": [0, 7, 1, 7.75], "texture": "#stone", "cullface": "west"},
				"up": {"uv": [0, 7, 0.25, 8], "texture": "#stone"},
				"down": {"uv": [1.5, 8, 1.75, 9], "texture": "#stone"}
			}
		},
		{
			"name": "base",
			"from": [0, 3, 6.75],
			"to": [1.75, 4, 9.25],
			"faces": {
				"north": {"uv": [0, 7, 0.875, 7.5], "texture": "#stone"},
				"east": {"uv": [0, 7, 1.25, 7.5], "texture": "#stone"},
				"south": {"uv": [0, 7, 0.875, 7.5], "texture": "#stone"},
				"up": {"uv": [0, 7, 0.875, 8.25], "texture": "#stone"},
				"down": {"uv": [1.5, 8.5, 2.375, 9.75], "texture": "#stone"}
			}
		},
		{
			"name": "stick*",
			"from": [4, 3.5, 7.25],
			"to": [5.5, 14.5, 8.75],
			"rotation": {"angle": -22.5, "axis": "z", "origin": [4, 14.5, 7.25]},
			"faces": {
				"north": {"uv": [9, 1.5, 11, 13], "texture": "#torch"},
				"east": {"uv": [9, 1.5, 11, 13], "texture": "#torch"},
				"south": {"uv": [9, 1.5, 11, 13], "texture": "#torch"},
				"west": {"uv": [9, 1.5, 11, 13], "texture": "#torch"},
				"up": {"uv": [9, 0, 11, 2], "texture": "#torch"}
			}
		},
		{
			"name": "torch*",
			"from": [3.25, 10.25, 6.75],
			"to": [5.75, 14.25, 9.25],
			"shade": false,
			"rotation": {"angle": -22.5, "axis": "z", "origin": [3.25, 14.25, 6.75]},
			"faces": {
				"north": {"uv": [11.5, 2, 8.5, 6], "texture": "#torch"},
				"east": {"uv": [8.5, 2, 11.5, 6], "texture": "#torch"},
				"south": {"uv": [11.5, 2, 8.5, 6], "texture": "#torch"},
				"west": {"uv": [8.5, 2, 11.5, 6], "texture": "#torch"},
				"up": {"uv": [8.5, 2, 11.5, 6], "texture": "#torch"},
				"down": {"uv": [8.5, 6, 11.5, 2], "texture": "#torch", "cullface": "down"}
			}
		}
	]
}