{
	"credit": "Made with Blockbench by Sapix for Sapixcraft",
	"textures": {
		"0": "block/dripstone_block"
	},
	"elements": [
		{
			"from": [6, 0, 6],
			"to": [10, 16, 10],
			"rotation": {"angle": 0, "axis": "y", "origin": [8, 0, 8]},
			"faces": {
				"north": {"uv": [0, 0, 4, 16], "texture": "#0"},
				"east": {"uv": [0, 0, 4, 16], "texture": "#0"},
				"south": {"uv": [0, 0, 4, 16], "texture": "#0"},
				"west": {"uv": [0, 0, 4, 16], "texture": "#0"},
				"up": {"uv": [0, 0, 4, 4], "texture": "#0"},
				"down": {"uv": [0, 0, 4, 4], "texture": "#0"}
			}
		},
		{
			"from": [7, 0, 7],
			"to": [11, 10, 11],
			"rotation": {"angle": 0, "axis": "y", "origin": [16, 8, 15]},
			"faces": {
				"north": {"uv": [0, 0, 4, 10], "texture": "#0"},
				"east": {"uv": [0, 0, 4, 10], "texture": "#0"},
				"south": {"uv": [0, 0, 4, 10], "texture": "#0"},
				"west": {"uv": [0, 0, 4, 10], "texture": "#0"},
				"up": {"uv": [0, 0, 4, 4], "texture": "#0"},
				"down": {"uv": [0, 0, 4, 4], "texture": "#0"}
			}
		},
		{
			"from": [5, 0, 5],
			"to": [7, 14, 7],
			"rotation": {"angle": 0, "axis": "y", "origin": [13, 8, 14]},
			"faces": {
				"north": {"uv": [0, 0, 2, 14], "texture": "#0"},
				"east": {"uv": [0, 0, 2, 14], "texture": "#0"},
				"south": {"uv": [0, 0, 2, 14], "texture": "#0"},
				"west": {"uv": [0, 0, 2, 14], "texture": "#0"},
				"up": {"uv": [0, 0, 2, 2], "texture": "#0"},
				"down": {"uv": [0, 0, 2, 2], "texture": "#0"}
			}
		}
	],
	"display": {
		"thirdperson_righthand": {
			"translation": [0, 0, -1.75],
			"scale": [0.8, 0.8, 0.8]
		},
		"thirdperson_lefthand": {
			"translation": [0, 0, -1.75],
			"scale": [0.8, 0.8, 0.8]
		},
		"firstperson_righthand": {
			"rotation": [0, 45, 0],
			"scale": [0.7, 0.7, 0.7]
		},
		"firstperson_lefthand": {
			"rotation": [0, 45, 0],
			"scale": [0.7, 0.7, 0.7]
		},
		"ground": {
			"rotation": [48, 0, 0],
			"scale": [0.5, 0.5, 0.5]
		},
		"gui": {
			"rotation": [48, 37, -40],
			"translation": [0, 0, -1.5],
			"scale": [0.7, 0.7, 0.7]
		},
		"head": {
			"rotation": [-52, 0, 0],
			"translation": [0, 9.25, -8.75]
		},
		"fixed": {
			"rotation": [-27, 24, 30],
			"translation": [0, 0, -1.5]
		}
	},
	"groups": [
		{
			"name": "pointed_dripstone_up_tip_merge",
			"origin": [8, 8, 8],
			"color": 0,
			"children": [0, 1, 2]
		}
	]
}