{
	"credit": "Made with Blockbench by Sapix for Sapixcraft",
	"parent": "block/block",
	"ambientocclusion": false,
	"textures": {
		"particle": "block/torches",
		"torch": "block/torches",
		"fire": "block/soul_torch_flame"
	},
	"elements": [
		{
			"name": "torch",
			"from": [6, 5, 6.75],
			"to": [8.5, 9, 9.25],
			"shade": false,
			"rotation": {"angle": 45, "axis": "z", "origin": [6, 9, 6.75]},
			"faces": {
				"north": {"uv": [4.5, 2, 7.5, 6], "texture": "#torch"},
				"east": {"uv": [4.5, 2, 7.5, 6], "texture": "#torch"},
				"south": {"uv": [4.5, 2, 7.5, 6], "texture": "#torch"},
				"west": {"uv": [7.5, 2, 4.5, 6], "texture": "#torch"},
				"up": {"uv": [4.5, 2, 7.5, 6], "texture": "#torch"},
				"down": {"uv": [4.5, 6, 7.5, 2], "texture": "#torch", "cullface": "down"}
			}
		},
		{
			"name": "stick",
			"from": [6, -1.25, 7.25],
			"to": [7.5, 9.75, 8.75],
			"rotation": {"angle": 45, "axis": "z", "origin": [6, 9.75, 7.25]},
			"faces": {
				"north": {"uv": [5, 1.5, 7, 13], "texture": "#torch"},
				"east": {"uv": [5, 1.5, 7, 13], "texture": "#torch"},
				"south": {"uv": [5, 1.5, 7, 13], "texture": "#torch"},
				"west": {"uv": [5, 1.5, 7, 13], "texture": "#torch"},
				"up": {"uv": [5, 0, 7, 2], "texture": "#torch"},
				"down": {"uv": [5, 2, 7, 0], "texture": "#torch", "cullface": "down"}
			}
		},
		{
			"name": "Element",
			"from": [5.5, 4, 5.5],
			"to": [5.5625, 18, 12.5],
			"shade": false,
			"rotation": {"angle": 45, "axis": "y", "origin": [5.5, 4, 5.5]},
			"faces": {
				"east": {"uv": [5, 0, 11, 16], "texture": "#fire"},
				"west": {"uv": [5, 0, 11, 16], "texture": "#fire"}
			}
		},
		{
			"name": "Element",
			"from": [10.5, 3.5, 5.5],
			"to": [10.5625, 17.5, 12.5],
			"shade": false,
			"rotation": {"angle": -45, "axis": "y", "origin": [10.5, 3.5, 5.5]},
			"faces": {
				"east": {"uv": [11, 0, 5, 16], "texture": "#fire"},
				"west": {"uv": [11, 0, 5, 16], "texture": "#fire"}
			}
		}
	],
	"gui_light": "front",
	"display": {
		"thirdperson_righthand": {
			"rotation": [35, -90, -35],
			"translation": [0, 5, 3],
			"scale": [0.8, 0.8, 0.8]
		},
		"thirdperson_lefthand": {
			"rotation": [-75, 90, 145],
			"translation": [0, 5, 3],
			"scale": [0.8, 0.8, 0.8]
		},
		"firstperson_righthand": {
			"rotation": [-35, -86, -35],
			"translation": [2, 4, -1],
			"scale": [0.8, 0.8, 0.8]
		},
		"firstperson_lefthand": {
			"rotation": [0, 93.3, 0],
			"translation": [2, 4, -1],
			"scale": [0.8, 0.8, 0.8]
		},
		"ground": {
			"translation": [0, 3, 0],
			"scale": [0.5, 0.5, 0.5]
		},
		"gui": {
			"rotation": [0, 180, 0],
			"translation": [2, -1, 0]
		},
		"head": {
			"rotation": [0, -90, 0],
			"translation": [0, 9.25, -11]
		}
	}
}